variable,mean_error,max_error,std_error,mean_value,std_value,rel_error_pct
ts0270005,0.02446416890783666,0.04989447209638163,0.017279434925903097,0.033447437526471835,0.1296003149981296,73.14213200480484
ts0010002,0.013100024413558203,0.030893861905467057,0.00818893813208816,0.9884674078780177,0.059257702371366704,1.3252864291884492
ts0010003,0.012989873047314866,0.03072057816458898,0.008187609010771108,0.01153259212198221,0.0592577023713667,112.63619583454218
ts0270003,0.008988806546541987,0.01773857325839337,0.005533133965593925,0.15357593710292247,0.0704193714430074,5.853004524086303
ts0270004,0.0077218846461847976,0.015276222985426025,0.005700967664892614,0.13784934349851757,0.06382881641663299,5.601684019821131
ts0560002,0.007532979160917691,0.02575731386055269,0.008640157341247777,0.950107131512071,0.061004076122273765,0.7928557644788066
ts0390002,0.007326230033048345,0.010605442802849807,0.0025015018664638466,0.9103839263024142,0.029189125485675167,0.8047407056937312
ts0270002,0.006855626649253668,0.013214153660374928,0.00426387360043354,0.5450545266836087,0.11436907854509631,1.2577873063392058
ts0390003,0.006317883833100845,0.009898062036545037,0.0020435154123420412,0.04380641677255401,0.018640697691676002,14.42227942518956
ts0300007,0.0061367487261336714,0.010230692543811273,0.002078911002804705,0.05665086298178738,0.11762357133854535,10.83257765747817
ts0440008,0.006134203508156259,0.0142495319001359,0.004315764014142322,0.007947723422278695,0.024618541922366188,77.181894515367
ts0560003,0.005847850171806125,0.01661564210008934,0.006200593477610005,0.03783079203727235,0.051795468093814134,15.45791102138332
ts0610005,0.005752243373683962,0.011175716949898253,0.0032266236549693236,0.04315648559932232,0.051564066944252224,13.32880398809464
ts0610003,0.00563389247290468,0.017079185120084064,0.0050755781889783086,0.01627648771706904,0.042226228688132604,34.613686753785686
ts0520005,0.005610731584489089,0.008207251843838692,0.001798603619745667,0.03565058238034731,0.04406639042456636,15.738120417303625
ts0210005,0.0054192719784638774,0.008841342023180019,0.003168849087128566,0.027898522871664548,0.06502710836801812,19.42494232900059
ts0210007,0.005310518877655285,0.012089663274596422,0.0030830216186902687,0.015138839474798814,0.02624132273037155,35.07877130539333
ts0440007,0.00513420144925405,0.01696993168238892,0.005350403710039439,0.007424994705633206,0.02859939692874936,69.14754357142944
ts0660028,0.005122701365833968,0.018638961636917514,0.005530956334716378,0.0501930749682338,0.056564455952956894,10.205992298889884
ts0390004,0.00508261282341687,0.007928632297954409,0.0015786651126976172,0.031649163490046595,0.015624418259441967,16.059232734588104
ts0210010,0.004959704122992039,0.01157007268945505,0.0029672700175369725,0.00982439114781872,0.023069459004141313,50.48357754050974
ts0300005,0.004938210680556689,0.008342436313048707,0.001647309503580975,0.015583529224904703,0.0405014907963247,31.688654150721675
ts0670007,0.004921372032088228,0.008210413116402304,0.002076286348140284,0.3362836086404066,0.14248743095924493,1.4634587906277436
ts0540005,0.004807774792049105,0.01369572419410664,0.004049540029232302,0.009329209021601018,0.028998300034449136,51.534645444400454
ts0540006,0.004769025719348366,0.01369523804372269,0.004061233936997742,0.009329209021601018,0.028998300034449136,51.119293268122505
ts0400004,0.004764206795072724,0.009346676909923565,0.002605061025343745,0.06803078144853876,0.03601526631515172,7.003016419378576
ts0460006,0.0045232280496386645,0.014171013615037541,0.004347052671142673,0.035899835874629395,0.11341298408107342,12.599578631598296
ts0460005,0.004378671736144063,0.00718058799895363,0.0015421091219559948,0.08258347628123676,0.12265721974168413,5.302116032549374
ts0610004,0.004354769940384683,0.010462780756305204,0.003425652535161161,0.018077599534095722,0.026042419887244685,24.089315244378863
ts0170006,0.0043526745858023155,0.007872793863182667,0.0024047693850866446,0.12915006353240152,0.0576535541752664,3.370245795280081
ts0160004,0.004350794075655874,0.008919182870778211,0.0020453847743680618,0.027935938161795855,0.034217199616881154,15.574182798005534
ts0440002,0.004299245301592794,0.008552446728809171,0.002775148051855507,0.23193287801778906,0.2617057979224031,1.853659273465768
ts0250003,0.004233974832158951,0.007395903763659685,0.00216613995015501,0.0425320097416349,0.05782945681368839,9.954796065078208
ts0680003,0.004220906859998624,0.009836159015275903,0.0035297791503864136,0.805984678102499,0.08285487555582727,0.5236956699891312
ts0580011,0.004203186589530042,0.009827719428322515,0.0036772263142843937,0.1464846198644642,0.05245740053328341,2.8693705819894717
ts0040012,0.004200689071325957,0.01271770393147692,0.003668860288804105,0.013079479034307498,0.022271208984159064,32.11663905196485
ts0270017,0.004194444049546385,0.010067909231324772,0.0032706994183866233,0.08742046802202456,0.09870860416342322,4.798011431933358
ts0440005,0.004166379912261337,0.007892798296988801,0.002521550186702201,0.1628092757306226,0.24282719040635115,2.5590556149606947
ts0160003,0.0041653085338436485,0.011919845922400363,0.0034500335232527856,0.09339732634476917,0.08547831899850364,4.459772776008306
ts0380007,0.004106471545502963,0.007020786584127525,0.0020375038609252772,0.7506827827191869,0.07098103557763226,0.5470315344955898
ts0170007,0.004098866366893297,0.010362636505185943,0.003145017419070375,0.04546439008894537,0.03300612388245433,9.015553400968052
ts0210008,0.0040611156433241185,0.007986132031004366,0.001969941582630961,0.037574301143583226,0.07219311963167319,10.808226686120701
ts0680002,0.004029302141432659,0.00927638199386771,0.0033059228031302157,0.19401532189750106,0.08285487555582727,2.076795843764006
ts0440003,0.004029145692982461,0.008126914498580579,0.0028171083730466426,0.31910678208386273,0.24685429630915567,1.2626324224984924
ts0260003,0.004019248283620533,0.008020200376939624,0.0020949316036154367,0.6397715427784837,0.1307418631711264,0.628231800708924
ts0030017,0.004001649241820117,0.006713492589202175,0.0013264253805048514,0.04220393900889454,0.02730363547116435,9.481696106557171
ts007a0006,0.003938968184556052,0.010944921819902323,0.003928458207672184,0.0578803261329945,0.05080181196034341,6.80536625779421
ts0270019,0.003932796214173103,0.00951372357112596,0.0029705690152201205,0.09249473739940704,0.10074539464702756,4.251913486916193
ts0620010,0.003920439382071551,0.013410929423073259,0.004455758587039793,0.06885148771706905,0.07373200996998899,5.694051809282301
ts0210003,0.003912370031753155,0.013597347188270253,0.0037541392734545594,0.009336213468869124,0.040030781488215816,41.90531894754386
ts0210009,0.0038676501378759427,0.010087380203297275,0.0031491764770165405,0.023074195256247352,0.04779288614480863,16.761798601963264
ts0210018,0.0038647714279907083,0.0053718550776971075,0.0009181812494747993,0.7609081268530283,0.2440446156780412,0.507915646002451
ts0510008,0.0038081488513143956,0.007591336694410708,0.002082444690518672,0.03728046378653113,0.051387685548127324,10.214864474648039
ts0210017,0.0037611264155780894,0.0071629110567571486,0.0020948373832279515,0.8327855887335874,0.20377474871872325,0.4516320246724747
ts0440004,0.003744265731330484,0.007699916828592446,0.0026306614634487176,0.23294694515036002,0.2299391707233675,1.6073469986539968
ts0250005,0.0037152531097189943,0.00685900436571725,0.00211006820036756,0.04787245340957221,0.06680394124820961,7.760732624110968
ts0510002,0.00358757129128493,0.011076661936728568,0.003401815624837666,0.010215126005929692,0.03526756365405763,35.12018637070567
ts0300010,0.0035785938519881507,0.0067752899306959685,0.002134389800293001,0.05972515353663702,0.026712029901240636,5.991770033362818
ts0040011,0.0035530199058460346,0.0062688466881621885,0.0019724585747163963,0.05054414443032614,0.0730637960867972,7.0295381312543235
ts0630008,0.00352275526295044,0.00466753738321414,0.0010420442049579738,0.07704929584921644,0.03718573418247685,4.572079762862965
ts0670003,0.003492181393243067,0.007880092649599907,0.002593696998259186,0.09739137018212621,0.03592960684418616,3.585719542411748
ts0150011,0.0034660169356840066,0.007822964376644592,0.001916993027735151,0.02023650465904278,0.02686419185514364,17.127547440042715
ts0520004,0.0034655465048775997,0.0044941085394985675,0.0008542211070516849,0.2629169843286743,0.16261372304377622,1.3181143522265937
ts0580006,0.0034069899760972825,0.008898221567756402,0.002734156238972235,0.04098711351122406,0.03429566958499477,8.312344257090219
ts0510004,0.00340533779338441,0.0066130432443681775,0.0018276108537094338,0.22766944620923338,0.16390851563493286,1.4957377241805327
ts0510009,0.003373588265258219,0.005512225831874929,0.0011928379235054676,0.014948602287166456,0.02714989122127315,22.567917725354718
ts0460012,0.0033718491707579786,0.006594802700826477,0.0016897684449127034,0.08566624311732317,0.0374855686712701,3.936030165511173
ts0040010,0.003368994342587847,0.00872779391427371,0.002548568771773315,0.025251688903007198,0.034531219597441626,13.341659464950231
ts0380005,0.0033431393232967177,0.0073436124159399485,0.0018310645693484773,0.8199351863617111,0.06872467388557732,0.40773214504077954
ts0580005,0.003325734124027745,0.007342959615317252,0.0025099291887657298,0.10591817026683609,0.059788329682134794,3.139908965241124
ts0260005,0.0033237093207188497,0.004406586988551408,0.0008162920606981819,0.0216469610334604,0.025527888380741097,15.354161332767616
ts007a0009,0.0033187839396484793,0.005312501798384467,0.0016341584002730668,0.06604722575180008,0.027077051131395656,5.024865014194828
ts0750004,0.0032478412526302236,0.004529870033264105,0.0012832099085520025,0.3294573432867429,0.11954684680014471,0.9858154079156365
ts0670006,0.0032195563903105844,0.011173295216502649,0.003684640420456052,0.16512148983481575,0.05516557949119092,1.9498106476215569
ts0510010,0.0031890632304629463,0.00657883469820229,0.0016012063032119995,0.01151177467174926,0.02641474598281005,27.702620329158645
ts0450005,0.0031850799797009553,0.009310428274500111,0.0025620941203274754,0.0930038807708598,0.07123100414095217,3.4246742752039143
ts007a0002,0.0031809656999786523,0.005087573214646091,0.0010690342274014546,0.05293535578144854,0.025833442300821467,6.00915145089747
ts0460010,0.003167438317131158,0.008199189947808168,0.0028633249179332784,0.008714188903007201,0.041150615914035335,36.34805662794501
ts0020013,0.003158181224554142,0.006625220155736772,0.0021031380054402984,0.09431160525201186,0.03806752895009898,3.3486665995294063
ts0380002,0.0031433873948480476,0.007289491398483894,0.0019096953262989224,0.1800648136382889,0.06872467388557732,1.7456977470137112
ts0300002,0.003119112914605107,0.0049156097053693615,0.0014131925305211008,0.37589863934773393,0.12244840138613007,0.8297749946680967
ts0030012,0.0031024677639917807,0.012122768223813543,0.0037883402223043375,0.062071511012282934,0.041329266197642905,4.998215305855617
ts0020014,0.003099922874776624,0.006616829077888492,0.0021222228635925473,0.0940592016094875,0.03802176543331292,3.295714636880294
ts0110005,0.0030740593251817948,0.006522789300842716,0.0020090106059930737,0.03754959233375688,0.03792045103752219,8.186664978565512
ts0580007,0.003021595869474942,0.006436553063765456,0.002094732627887763,0.017230548496399833,0.0189442389117814,17.53627210478109
ts0610010,0.003013346157365649,0.004792995826071962,0.0013113601707192288,0.02036310885218128,0.022967460137158967,14.79806536045139
ts0030008,0.0029829599520538623,0.006282648291863639,0.002009441510565172,0.10459865523083439,0.04864170601153263,2.8518148206311955
ts0510007,0.002977309301963858,0.0059294505711429725,0.0015130422884576072,0.08771511012282932,0.09147081733828995,3.394294663478925
ts0300006,0.0029731464695435484,0.006028016237783896,0.0026041682750783065,0.004362335874629394,0.0272635096972906,68.15491871762704
ts0440009,0.0029706595320540576,0.011449974529901489,0.003774032415299025,0.004116349004659043,0.03442986263664255,72.16733879201568
ts0460004,0.00296678730747149,0.008781217952521202,0.002594584030577274,0.010521341592545532,0.03197178746333007,28.197804256954136
ts0440006,0.002964312754604066,0.008761302672125477,0.00254599693585487,0.03370988458280389,0.08590778849540945,8.793601020266392
ts0380003,0.00294063080679621,0.005214795173740724,0.0016284535565006023,0.07724779224904703,0.04544323997518353,3.8067506153646575
ts0610011,0.0029401779531268843,0.012623763777992944,0.0037667979957915357,0.07874833227445997,0.06021637024232265,3.7336383745620685
ts0620008,0.002929170482275369,0.005412210506252957,0.0014368787392252716,0.12335080474375265,0.0670353717080128,2.3746666982516973
ts0530005,0.002864791394852487,0.005613938812336988,0.0015370876313323136,0.051573305802626,0.06102455237185043,5.554794966636825
ts0190004,0.0028225233900077053,0.005782980201524415,0.001981292275660835,0.09263702350698858,0.06370766270538428,3.046863212087954
ts0030016,0.0028193861429207305,0.0062003695111151474,0.001952192590185577,0.06915638500635325,0.0541349257972432,4.076826951931798
ts0230003,0.0028172649313692455,0.008335609041367154,0.0023813757902009175,0.5985514294790343,0.13041624274742392,0.4706805117517353
ts0210006,0.002816120705086823,0.0053886465633457385,0.0013073244488413921,0.02233417513765354,0.07130280087623452,12.609020426006603
ts0590003,0.0028016020314877155,0.00585575320509675,0.0013099270733863979,0.10462343286742905,0.04441313750694829,2.6777959341457427
ts0030013,0.002794915262180796,0.01060821070507665,0.0030980608345536676,0.045005368487928854,0.029274730670226866,6.2101819318076155
ts0660031,0.0027891269638149656,0.006317258640612632,0.0018524531689065634,0.0307723845828039,0.025340379625070554,9.06373360930103
ts007a0008,0.0027700212840849284,0.0052285322741273815,0.0019116177543301778,0.06930295425667089,0.03616609367534286,3.996974319198369
ts0050015,0.0027542547928228883,0.006220174410626576,0.0017638090230625572,0.014093546166878442,0.02028854770894685,19.54266697827779
ts0620004,0.0027290166877296206,0.008275955731218504,0.002830754776430926,0.11502242164337144,0.035444013210127766,2.372595402478113
ts0030010,0.002713267518874008,0.007823675508544577,0.0021519584441560646,0.05710111181702669,0.03444380212426673,4.7516894724718
ts0210025,0.002695419958440661,0.004813213615234145,0.0015353451617865681,0.014531861499364676,0.023690658662011133,18.548346050218708
ts007a0019,0.002660690828286327,0.006624463038820881,0.0019330698469107622,0.025781750317662014,0.027216259125575643,10.32005506027881
ts0660027,0.002655302984529005,0.010313484162252057,0.00307648590108508,0.22160988458280392,0.12248803269137318,1.1981879732159955
ts0290004,0.0026537624384154485,0.007186482057646354,0.00216050046618077,0.0373653695468022,0.04424846319563255,7.102197758519326
ts0160005,0.0026456496581522184,0.007434011946581567,0.002115200118576307,0.021335149301143583,0.031061557784571023,12.40042720493364
ts0190003,0.002629799237491317,0.006349469617686489,0.002444883478796112,0.005274311732316815,0.02049207464564689,49.86051964615563
ts0050023,0.0026241855328306826,0.007033173899735637,0.0018354221472335554,0.016494626217704363,0.03231602088432858,15.909336157093612
ts0660005,0.0026222102222166633,0.0059517356688741085,0.0020758833703117185,0.11954474269377383,0.03289299468048111,2.1934968975873117
ts0630005,0.00261650430071308,0.0054952420175439914,0.0014232522976492298,0.09223490046590427,0.03380290969108131,2.8367833515257077
ts0210022,0.0025922203828064845,0.004646546036891366,0.0013266797241865244,0.06049690279542567,0.06725783515936772,4.284881147671727
ts0210024,0.0025785797047788686,0.006834680602324339,0.0019286263212856028,0.005277509529860229,0.015346349690020935,48.859783012976585
ts0580002,0.00257631500417076,0.008990016135302467,0.002599208167986714,0.11254389559508682,0.08122487164096243,2.289164588224215
ts0400002,0.002568957469430047,0.005754950269283299,0.001661816460686464,0.6753492905548496,0.09379430499838548,0.3803894525926662
ts0510005,0.0025687280812778275,0.004654868281133789,0.0010032423652720905,0.2796401842439644,0.17137013870101606,0.9185833174236543
ts0500002,0.0025536498391655464,0.004526516431132596,0.001482652627155984,0.1116953462515883,0.1423470506555268,2.286263416394784
ts007a0007,0.0024913303223103294,0.008976196520388308,0.003246549111665851,0.06533079203727235,0.04068036017238348,3.8134090290670013
ts0540011,0.002480568657428104,0.00640129347281021,0.0021550851334042197,0.1776636912325286,0.14986656777024,1.3962158729334868
ts0380006,0.002470880876056218,0.006438450335066834,0.002128772514593141,0.06924768636171114,0.023149491779566385,3.5681782394139785
ts0620002,0.0024620342524556936,0.005127151722680218,0.0016068833391254943,0.1303436679373147,0.08414525118233515,1.8888790621112053
ts0150012,0.0024560961310243932,0.006991026331900477,0.001993748834178422,0.02310032295637442,0.034979163302211375,10.63230213561428
ts0540007,0.0024550857877866,0.006666701281295262,0.0019559272658581724,0.17129832168572637,0.20615196744950012,1.4332223244375037
ts007a0005,0.002438592825819528,0.005469638474938941,0.0021528089140530637,0.0529977128335451,0.032176432029329925,4.601317104907236
ts0030021,0.002431824755028662,0.005979018655864324,0.0018257307782413006,0.02695443667937315,0.02981312016850089,9.02198322285701
ts0620007,0.00241092625074623,0.004753821242939341,0.0012708856284617614,0.11618135853451926,0.04570911934286333,2.075140350532144
ts0660006,0.002403466633896456,0.006297745178535985,0.0022406938447462263,0.3425135059296908,0.10041621865142847,0.7017144119244821
ts0630007,0.002372380875929176,0.007805410772885449,0.002337530502976936,0.09694416031342652,0.04415089574983283,2.4471622305656373
ts0540012,0.002371264537882876,0.005622668930075389,0.0018206730273418585,0.022780532613299452,0.0328637050900942,10.409170751778268
ts0300008,0.0023373425107754897,0.0044063408732042345,0.0010662987561566965,0.0077626376535366364,0.02906725651865327,30.110158622573387
ts0030009,0.002322937908738113,0.005513535901608579,0.0014677420316266641,0.14338001376535364,0.07474651890975026,1.620126716223979
ts0580008,0.0023217801741368454,0.0039548906559216425,0.0014738586280176537,0.013078515459551037,0.015884088813176697,17.752627821694283
ts0150013,0.0023154164464121363,0.0068030902244064495,0.002260099978669698,0.010452832486234645,0.022938973739179726,22.151091098621475
ts0510003,0.0023044251465486193,0.005220210269851866,0.0018646433893595498,0.09616014400677679,0.1287776923101705,2.396445190833135
ts0750005,0.002303759347248977,0.0047002129988237,0.0013938142235046882,0.20307646653960185,0.08438128723168502,1.1344295016083126
ts0630004,0.0022885807649553336,0.004955957791962007,0.001786760304428627,0.12818057496823382,0.046876512006501524,1.7854349346790637
ts0270006,0.0022884275662337795,0.004918421838429972,0.0017288303786067562,0.005863013553578992,0.01983416515524971,39.031592632714315
ts007a0011,0.002272645440126623,0.005135987198856891,0.001504486308162395,0.06338661054637865,0.02015895772254565,3.5853714539031487
ts0610009,0.0022599977007815527,0.003666228356029335,0.0007526174968305459,0.04042530177890725,0.030280359377576227,5.590552454356084
ts0030007,0.0022512713458767326,0.004175967887363574,0.0012595347034311953,0.3050937950021178,0.111964132917692,0.737894831935571
ts0540009,0.0022178557607201673,0.005422040337515227,0.0014223889878440489,0.08667988670055062,0.1319090791692299,2.5586740420901806
ts0020017,0.002215747952768491,0.004096517845406499,0.001376788423278499,0.06269952880135536,0.03940066756633913,3.533914839756489
ts0020016,0.0021975999543898126,0.004108057073982062,0.0013870610921944996,0.06278915184243965,0.03941306649145865,3.4999675738643097
ts0620003,0.002190847555151622,0.00483554973683481,0.0012015507887959,0.19967573591698431,0.06549509288407639,1.097202694704214
ts0670005,0.0021768083027109177,0.0038682575526195265,0.0011304118928197621,0.054256792672596366,0.0249832169360511,4.01204751605298
ts0030006,0.0021394288966539495,0.003602981346305094,0.0011000332833266087,0.09279491740787801,0.07097410788499904,2.305545342801629
ts0400003,0.002131702747315424,0.003547216869473069,0.0009460774245079118,0.25661197056332063,0.07503393733182218,0.8307105637495631
ts0630002,0.0020880665146468837,0.003959403967032399,0.001243607638342515,0.12512702774248202,0.06604346306781447,1.6687573838517398
ts0370004,0.002072535877713503,0.003846542519753665,0.0012489548753342014,0.1308551461245235,0.046365802435195315,1.5838397946850709
ts0170010,0.002044341375018916,0.01105408053520026,0.003590120353860486,0.004083439220669208,0.014511098508852465,50.06420481713163
ts0040004,0.0020368992211815926,0.0035108194955350766,0.0007779583416240958,0.059836896442185525,0.05974640463582629,3.404085676718957
ts0160006,0.0020172056939688487,0.006468404246824079,0.002021311026125229,0.01759770224481152,0.033078401884584205,11.462892518047909
ts0660026,0.0020032530842088656,0.004941299520556552,0.001314758142838302,0.3937322003388395,0.1120841240926433,0.5087856879586935
ts0270007,0.00199646212661432,0.005892665833678212,0.001638179108716824,0.012229177255400252,0.02000447175535772,16.325400187757577
ts0750003,0.00196818054692804,0.0041153415499448585,0.0011023871959412906,0.018609715163066497,0.014072876068646403,10.57609173317258
ts0050019,0.001963417609482541,0.004253618971836733,0.0011545080325101953,0.006031792672596358,0.011387046276471293,32.55114550609043
ts0270020,0.0018893658605750683,0.0037488645947000142,0.0013055342013242632,0.01947006035578145,0.019780300336547745,9.703954821146915
ts0020004,0.0018808385689817117,0.0027763001151562827,0.0004943008630148193,0.44269881935620503,0.13334875086157738,0.4248573718170114
ts0210012,0.001878379301679307,0.0033932930285280397,0.0011575403938730935,0.028008868064379504,0.02528906743682013,6.706373486289332
ts007a0010,0.0018750053542745592,0.006583277957114081,0.002387720544923481,0.062232110334603984,0.0217555861609284,3.0129226603327446
ts0230006,0.0018513655361019146,0.005522457838058471,0.0016001916600716988,0.026454119017365524,0.03644248777946621,6.998401779649534
ts0050002,0.0018389630868413526,0.00490106956866887,0.0013112407509364916,0.8328747193985598,0.08319600777541701,0.22079708316387786
ts0030022,0.0018367484615163308,0.004235659415447637,0.0010861750592226613,0.04185899512918255,0.05007437168238579,4.3879420799469155
ts0030005,0.001836572193624833,0.005231025716499194,0.0014788515196756324,0.631363940067768,0.12400106949294042,0.2908896243627254
ts0560004,0.0018314315230846907,0.008939565579076651,0.00277825859005849,0.012057925667090217,0.019122256372503685,15.188611819719789
ts0270018,0.0018182682841075717,0.0037120090538861426,0.0013063558291471142,0.018425031766200764,0.019133068058459463,9.868467567274637
ts0660014,0.0018150638806067676,0.0059524161001906425,0.0017034211096540177,0.021209392206692077,0.023157400982491555,8.557830714423165
ts0150009,0.0018001531989841166,0.0037900376651851322,0.0010670232469174904,0.04285592969080898,0.044033787981221546,4.200476368081645
ts0020005,0.0017816423215976096,0.0027211946843817003,0.0004490937544321963,0.43990242481999153,0.13378696401349016,0.40500852486245315
ts0210002,0.0017686031046468768,0.004958144898521859,0.0013418119832887898,0.08181295002117747,0.13588641087125353,2.16176424904501
ts0620006,0.0017578693487549802,0.0037766624908410554,0.0010590333484102336,0.05488319567979671,0.02379159269595505,3.2029281950177646
ts0590005,0.0017552525310441658,0.003222673102033058,0.0008050047097169161,0.695392328462516,0.07330603001617401,0.25241183418358343
ts0670004,0.0017536065516823782,0.004418831726867994,0.001033365651110287,0.13452166984328676,0.038433248542090744,1.3035866665387599
ts0540010,0.0017379074293107158,0.004284854633635371,0.001307826942483915,0.2004457115628971,0.15735729516962313,0.8670215071003825
ts0450004,0.001711402864697259,0.006506673701106566,0.0019191397610153716,0.26224800402371873,0.12679407813095034,0.6525894719650461
ts0040005,0.0017103169090221836,0.0038243823313923453,0.001068346691821002,0.027145213892418467,0.03098496283973227,6.30062049170247
ts0020002,0.001703567006283279,0.005294364864175949,0.0015862387712041843,0.37513169737399404,0.13401504272473122,0.4541250494715935
ts0290002,0.0017016044104896932,0.0029223839611844937,0.0006108411530740106,0.9163625635324014,0.10066634046649531,0.18569117489155554
ts0630010,0.0016736883783436112,0.004994643169090568,0.0014668667278098023,0.10859703515459551,0.06664761584975178,1.5411915951121484
ts0190002,0.0016670569871091723,0.00474777812574656,0.0016710307979846723,0.8934392577297755,0.0835019571707055,0.18658873255078978
ts0210004,0.0016518007913585461,0.002622856130276717,0.0007092328870761007,0.0070986181702668355,0.01637684718371873,23.2693286459223
ts0210023,0.0016451276748274445,0.004531194790274081,0.0013397018788963292,0.019809455739093606,0.03223065671945184,8.304759588022474
ts0460003,0.001639756236593265,0.0035772175632993175,0.0011685857904622822,0.7398459921643372,0.21794999697650538,0.2216348069679124
ts0190005,0.0016152420727381525,0.0052054489894078,0.0014353907341272656,0.008644742693773825,0.016778192781203183,18.684674951650013
ts0170005,0.0016120323564441635,0.00464358494141523,0.0013173528412148063,0.1599624947056332,0.051768892853881025,1.007756449041798
ts0290006,0.0015907659233349227,0.004665335903593595,0.001372507589874395,0.014020621558661584,0.023234917154166288,11.345901582745366
ts0580004,0.001585962859478202,0.004088591770692318,0.0012870841296092556,0.119149666454892,0.06662901367482978,1.3310678130002318
ts0590002,0.0015821531920358206,0.00292432205260984,0.0007406695630465756,0.30460767153748414,0.07330603001617401,0.5194068764092585
ts0050034,0.0015630923722246524,0.0021126379388235472,0.0004227957423149218,0.138183958068615,0.08638158734235643,1.1311677520834234
ts0660016,0.0015610315371356865,0.005027170336349088,0.0016702413069193407,0.01436262706480305,0.015520835636126476,10.868704799563716
ts0580009,0.0015606770183728012,0.0031097504737163956,0.0010830548535136065,0.01410722151630665,0.01562117154636633,11.062965280362276
ts0030015,0.0015606064541685023,0.0022334176294846603,0.0005032838322267796,0.11136566603134265,0.06961205811510987,1.4013353574604281
ts0270012,0.0015453130550353701,0.0058755210595888615,0.001814840725642781,0.0015229246082168575,0.014631123812709024,101.47009554496111
ts0050005,0.0015427490478280039,0.004984739364628427,0.0017392390371441307,0.059517714951291836,0.0708558745786685,2.5920838007483327
ts0210011,0.0015300637844824579,0.0024040907042111974,0.0004644853783734689,0.004673406395595087,0.011020040622808917,32.739797376162656
ts0110002,0.0015291617827246154,0.0021270175219500476,0.0005159001201715097,0.4819735969927996,0.13317834401305373,0.31727086136369004
ts0020003,0.0015288036777888828,0.002467288331754469,0.00044157877190375026,0.4448491687844134,0.13309486093244144,0.3436678733078143
ts0290003,0.0015227569485508337,0.0023519377083616178,0.00056209811653657,0.08363743646759848,0.10066634046649531,1.8206643016142139
ts0150010,0.0015038601152692623,0.00278525458590205,0.0006982230667768385,0.014118572638712412,0.018067188486938134,10.651644141035574
ts0260006,0.0015018314724356077,0.0057343397749337124,0.0017019694253972916,0.019146828674290555,0.032363582690275484,7.843760958973823
ts0110004,0.0015012794851291724,0.003063915008848367,0.0009694791764430797,0.1431305802626006,0.07320535800661711,1.0488880030911538
ts0370002,0.001500569660438801,0.00361657944025362,0.00094541318998261,0.47721756670902166,0.08697509319329953,0.3144414131246257
ts0660015,0.0014988892654924347,0.004916613630691163,0.00169548063817374,0.01564853346039814,0.01677976699928651,9.578464776176535
ts0530002,0.00149689280441229,0.0026733422816112573,0.0009528646509320409,0.46128400571791617,0.22299414991472077,0.32450568106791633
ts0540004,0.0014810658248800464,0.0032901239334176546,0.0008361908375523784,0.2870199385853452,0.12853337682800967,0.5160149612531717
ts0030020,0.0014755259838106832,0.004113887738420197,0.0012334603918455163,0.06880784095722152,0.062318735375171894,2.1444154667315187
ts0650004,0.001455020504776472,0.004317767439391718,0.0011594405167877362,0.24742724481152056,0.11774455494897167,0.5880599389468383
ts0230005,0.001443393396111014,0.0038343164376580946,0.001199213501373487,0.057570314485387554,0.043057600460102444,2.5071834486458724
ts0050006,0.0014253893892677211,0.0033116383417089446,0.0011059555917473606,0.05669574332909783,0.0676811540652871,2.514103009451455
ts0590007,0.001415216948444235,0.00255843478217449,0.0007856046514974029,0.10859084603981366,0.05161702210548974,1.3032562136272159
ts0180012,0.0014099192256172817,0.003931272031006794,0.0011740144207927161,0.027719012071156294,0.03187545252372687,5.086469972298934
ts0380004,0.0013984992456890794,0.002853286956430612,0.0009876919211935717,0.10281220880982633,0.03270368167490631,1.3602462799684711
ts0630006,0.0013753681707568584,0.0028670976924236313,0.0008050578161254795,0.10463833121558662,0.04670655480411893,1.314401859031165
ts0580003,0.0013751019840532643,0.00306916596130892,0.0011700501909236059,0.12821246293943245,0.0803352180929343,1.0725181878011831
ts0520006,0.0013700828119864493,0.005320787492879755,0.0016709573734277998,0.007223702880135536,0.017519491748947753,18.966488997686223
ts0620009,0.0013621950569713357,0.0023749937956983394,0.000714139917880789,0.08590792037272342,0.057502673874289076,1.5856454807208271
ts0530006,0.0013607121852801517,0.005553384636444572,0.0016259401278414724,0.011090538966539602,0.022926624149493615,12.269125868322991
ts0180011,0.0013377804950332828,0.003722779100591482,0.001306938131215339,0.030071712198221093,0.034021613854699706,4.4486342720200005
ts0660012,0.0013278751313462555,0.0018753634250736062,0.0004294008000870875,0.04481275942397289,0.022001103618976163,2.9631630553772585
ts0660017,0.0013159145364301545,0.004466399425870016,0.0014198638409085463,0.01142776365946633,0.013286931172095059,11.515066076293067
ts0500004,0.001302686968728855,0.002129949944644216,0.0006802611274642546,0.4082914495976281,0.1924386382123546,0.3190581066570596
ts0290005,0.0013016308939454043,0.003724385188421997,0.0012424119398638594,0.029715406607369762,0.03978394961299993,4.380323349243974
ts0050026,0.0012920276462058272,0.00422314846975869,0.0013009141991154323,0.010350439432443879,0.024685068932640407,12.482828914064395
ts0050029,0.0012529548078612078,0.0035925119811234772,0.001228235469947195,0.0050596516306649734,0.01258450160379987,24.763657645270253
ts0030011,0.001249797385967099,0.002267541205201007,0.0006613096534509614,0.11439663807708599,0.053149607385936985,1.0925123386274036
ts0750006,0.0012434971413138405,0.002459682921630499,0.0008438869795561215,0.13719473210504024,0.05013726353045733,0.906373825171205
ts0050014,0.0012433319880879646,0.0027778142976879125,0.0009252957143632663,0.008638447691656078,0.01934561325606827,14.393002452152434
ts0510006,0.0012387941175024415,0.002393686848346871,0.000595716099018811,0.2348558238034731,0.17534930288995512,0.5274700441488995
ts007a0004,0.0012300944698690032,0.0022428924811812717,0.0008134569329951753,0.05843018847945786,0.02504289486218661,2.105237894793826
ts0050009,0.0012257269859886474,0.0035922625075733225,0.0011276472130238933,0.0059459551037695894,0.012347267411036809,20.614467559830153
ts0590004,0.001213012945631288,0.002987862687820475,0.0006972959014913726,0.19998283566285474,0.05453397391757498,0.606558528691068
ts0450002,0.001203642648744424,0.0028170024948154238,0.0007694480983022701,0.23205446844557392,0.17656321128235225,0.5186897097078423
ts0660029,0.0012014657984243402,0.002982111367312343,0.0008921334979531699,0.04767282930961457,0.030684566620161346,2.52023178784153
ts0660011,0.001200750561029177,0.002620557289170003,0.0008710389934010061,0.03450159360440491,0.01931727953507542,3.48027564986411
ts0540002,0.0011994631080638786,0.0032209643762992346,0.0011634202567610318,0.6175940491317239,0.24483880318585674,0.194215457508084
ts0300003,0.0011814969752700424,0.0031341618624600165,0.0009556442892362725,0.469450206480305,0.12093675261538053,0.2516767399312264
ts0040007,0.001174247907104046,0.0021428216059099538,0.0007364667730884318,0.010924957645065651,0.02197474740957101,10.748306265831657
ts007a0003,0.001173025733120902,0.004361735987491518,0.0013402813203826532,0.057410398136382886,0.024823013686322417,2.0432287028114446
ts0030003,0.0011699754760903826,0.003421893623206232,0.0009645522465743344,0.1293958703939009,0.07855616241637098,0.9041830102682548
ts0520002,0.0011688604109876613,0.0029534063724608595,0.0010314299655452195,0.36149802520118596,0.19462953538900615,0.32333797960228156
ts0390005,0.0011678128556514072,0.00205583356203814,0.0005073202499890043,0.01215361605252012,0.00799670482801093,9.608768703938567
ts0050021,0.0011537228555240002,0.0022542498363438673,0.000527033250885845,0.0030616529013130027,0.00830626630707963,37.68300629471163
ts0260004,0.001144763780712857,0.0023340491728644466,0.00077126049852789,0.01959495976281237,0.031658682513547656,5.842133867941939
ts0630009,0.001134769567429428,0.003499776841432982,0.0009201131356352082,0.07224310144006778,0.04670421402351096,1.5707652977368678
ts0660013,0.0011305310565697328,0.003126144945621488,0.0009078235171568854,0.02858560991105464,0.02000121789711655,3.9548956978263856
ts0040002,0.0011206737980089115,0.002239430498499284,0.0006348584913337545,0.9077341063108852,0.10504128648068742,0.12345837731749805
ts0670002,0.00110235802278685,0.002925495346854712,0.0009631214370243969,0.18498267153748413,0.0888315466799661,0.5959250202327588
ts0150005,0.0010919980490548698,0.0015460201312277677,0.00034527531136061365,0.008748030495552731,0.011421599576794696,12.48278740694849
ts0530003,0.0010897887159694378,0.003189738514343954,0.0009399863012676503,0.26590302308343927,0.10158672141626389,0.4098444249832641
ts007a0014,0.001080037718947371,0.0023468577839507385,0.0007331695793066741,0.05982461880559085,0.02562382267652584,1.8053399094060543
ts0460002,0.0010795121078466913,0.002979834088061119,0.000782120455968119,0.014783672172808134,0.01666109740237914,7.3020565880259225
ts0150007,0.0010764502635626856,0.0032654084595633813,0.001032219711484365,0.009254844345616265,0.01241446767943863,11.631208730944968
ts007a0013,0.0010718343245444241,0.0027725804154937195,0.000856731852036187,0.06910121240999577,0.024994904909393743,1.551107841907241
ts0050012,0.0010636278722397227,0.0027313286483977095,0.0009581360053405396,0.0029703991952562477,0.009074599019500453,35.807573404219376
ts0080002,0.0010608417527316616,0.0020674167675641675,0.0007045866832708111,0.51102597416349,0.03330557313709597,0.20759057393671182
ts0660030,0.0010562797118767778,0.002541426592096642,0.0006730153486601944,0.04347325285895806,0.03872914536440566,2.429723203146787
ts0500003,0.0010394886337424056,0.001655801708048077,0.0003817743930460804,0.268012319991529,0.16311631317757677,0.38785106362844085
ts0300004,0.0010393120834322853,0.002285008098234039,0.0006924888293004105,0.004607459762812368,0.00840097204796732,22.557160277790356
ts0650003,0.0010360862585789901,0.0023424723129610303,0.0006551105313951616,0.619510445785684,0.14163675558789704,0.16724274233422984
ts0040006,0.0010288338492020143,0.003849548534311617,0.0011627924515705003,0.019974380559085136,0.02875679817430387,5.150767234852047
ts0540003,0.0010272174945590781,0.0021503639864673962,0.0006861335824760155,0.33057555061414656,0.17747001836945836,0.31073607611049975
ts0030004,0.001023086973057653,0.0029601367044823634,0.0008317709260860848,0.17041758788648878,0.10383026250155462,0.6003411888091665
ts0370005,0.0010218152031490468,0.0021781989514208996,0.0005930225099781504,0.042052604828462514,0.026793983702765384,2.429849963675616
ts0050030,0.0010217461869894112,0.0029039793532786434,0.0009962409356352871,0.0034391412537060568,0.01059791899584811,29.70934054797447
ts0670008,0.0010038985253047364,0.0018671576314731458,0.0005099401805288865,0.0274304902583651,0.01584303973784225,3.659790677633227
ts0630003,0.0010012685411155096,0.002973657394921614,0.0010767621155599292,0.19495401842439644,0.0930659404173912,0.5135921532716718
ts0150008,0.0009994086661208757,0.00309615270207763,0.001094402166271741,0.017372792249047017,0.022632112000510945,5.752723291649897
ts0040009,0.0009961842863116127,0.002987960447210363,0.0008982356814987666,0.00816158936891148,0.015114743186585292,12.205763378714002
ts0250004,0.0009927992773165182,0.002447307845408267,0.000736181653082165,0.013349481152054216,0.02070520422687581,7.436987745128554
ts0210015,0.0009926545553430434,0.0017219122670640756,0.0005701260689988531,0.008346113934773402,0.011893993118082442,11.893613759659202
ts0610012,0.0009918032579993787,0.0018112332548128763,0.00043331724877199515,0.010465411901736553,0.011113081001135486,9.476963423052716
ts0050025,0.000986325566926104,0.0044817928796239345,0.0013368450069056032,0.0027200444726810675,0.011061364985772988,36.26137648969806
ts0080003,0.0009711033458955076,0.0018425453197217778,0.0005958022383364631,0.4889738987717068,0.033305528686708344,0.19860024192189007
ts0210019,0.0009690824455856024,0.0018772046650972745,0.0005904057503623037,0.008638955950868277,0.01097749166765385,11.217587531375278
ts0050010,0.0009688501588650243,0.003375966244094343,0.0010054233663108066,0.004436128759000424,0.013604458554441435,21.839991837462616
ts0610008,0.0009440980314099727,0.004254493253879693,0.0012882931132271766,0.45779533566285474,0.15620781714665116,0.20622709710289788
ts0110003,0.0009177324188096234,0.002079400279305199,0.0006437831038174894,0.3350498623464634,0.059626374630462664,0.2739092063439287
ts0530004,0.0009148066144192678,0.0021335684818031275,0.0005966668337016345,0.21014716751376536,0.14571164871959102,0.4353171281070657
ts0620005,0.0009141915098185311,0.0028489371903953342,0.0009067826663818239,0.10576716433714528,0.043115136311782654,0.8643434052031859
ts007a0017,0.000906941843829888,0.001584815751846269,0.0004070786812727103,0.03848706056755612,0.027658495872796004,2.3564850899380536
ts0050016,0.0009048409887205365,0.001808692180149063,0.0005320238938916623,0.002820880982634477,0.006769238145451109,32.076539006459164
ts007a0018,0.0009017050963874569,0.0014458282970489233,0.0004417874188370873,0.02693118382041508,0.021907306053956067,3.3481821757271684
ts0370003,0.0008918016977951249,0.0015024692153371433,0.0004966549259010028,0.3373946685726387,0.04434317952823824,0.2643200325505814
ts007a0012,0.000884690878269965,0.0020770637414764467,0.0005978551178386027,0.06983715057179161,0.022371713010686318,1.266791200709879
ts0030019,0.0008831062074734348,0.0028313353812365882,0.0009484329692325211,0.007706485599322322,0.011390892793169181,11.459259815538898
ts0660025,0.0008820933254012887,0.0014378226338882891,0.0003606267547873039,0.005560488140618384,0.009559541201045614,15.863595121402252
ts0500005,0.0008719893124600805,0.0017648080457352694,0.0004991595135270868,0.21200083121558663,0.17725379315706563,0.41131410073262503
ts0180013,0.0008657116501329552,0.002036244978501328,0.0006871847435133988,0.03413970245658619,0.03850849862302357,2.5357914329623665
ts0030018,0.0008578301127983708,0.0027833592301278465,0.0009348841531423098,0.007706485599322322,0.011390892793169181,11.131275102542267
ts0660007,0.0008557921828823898,0.0014140497668185467,0.00037534652817261473,0.01508203621346887,0.012020559901646497,5.674248296248836
ts0050027,0.0008491060867103532,0.0014511336847975727,0.0004522674514887447,0.0021533354510800506,0.005913588751408429,39.43213242899365
ts0660004,0.000847376578732989,0.0014120343576859984,0.00044827882293264003,0.46206083227446,0.10646534389654316,0.18339069653704274
ts0210014,0.00083177737703016,0.001582725266121755,0.0003592318707039905,0.004069117958492165,0.0068404618207597466,20.441220567082798
ts0210013,0.0008317142381679799,0.0013912052039311371,0.00039082834345791084,0.007951741846675138,0.009279625121128818,10.459522632965564
ts0020011,0.0008171364173660243,0.0014477163438409782,0.00034019258795949875,0.022741401948326984,0.01419254962925888,3.5931664161370604
ts0660010,0.0008047113429358,0.0014511473097190558,0.0005220280398143019,0.07932166454891995,0.03518874797271689,1.0144912458808921
ts0390006,0.0007999782523758175,0.0016516781647083131,0.0004847792380072931,0.01850897924608217,0.011175192634202157,4.322108970677842
ts0450003,0.0007994601064554852,0.001778338784498179,0.000646873073369592,0.4126900677678949,0.08654535828080098,0.19371925056968353
ts0040013,0.000796214873543141,0.0019221685799685395,0.000574991338962026,0.0030334551037695893,0.006386964895524452,26.247788291104328
ts0020010,0.0007858621835898881,0.0014725999557308536,0.0003660792916826112,0.022909185726387123,0.014277606159919971,3.4303366037349856
ts0660002,0.0007728138403240853,0.0020791647217490716,0.0005838422783483356,0.5850570679796696,0.11356600685725235,0.13209204411336847
ts0180004,0.000769890108153735,0.0012689135420337547,0.0003405750913433157,0.01860680326132995,0.014579341200119991,4.137680703884144
ts0050018,0.0007564776306100812,0.0016436745812467048,0.0004664673770981306,0.0020647077509529863,0.0053459440270320685,36.63848456329577
ts0050013,0.0007386849086986068,0.0019334471215661855,0.0006128182400312784,0.012378843710292249,0.02050619553432167,5.967317513544788
ts0610006,0.000723375214143541,0.0018429293876344507,0.0006564003519034351,0.007759646336298179,0.013402329565203104,9.322270407605131
ts0300009,0.000711618932687327,0.0018933930815481798,0.0004891899883401933,0.005943064379500212,0.008795649084012215,11.973939490575926
ts0180014,0.0007027141401768764,0.0019417020150167448,0.000571094270523467,0.007964702456586193,0.011644059127185235,8.822854890150806
ts007a0015,0.000698247520339825,0.0015550172925861555,0.0006378089676338388,0.051448443456162646,0.026776732985017787,1.3571790970406643
ts0580010,0.0006938814250994178,0.001746794512849703,0.0005245007059284253,0.3022743646759848,0.14223184980430748,0.2295535136905196
ts0250002,0.000688074521439333,0.0015507024542804615,0.0005027025914038693,0.8962466857263871,0.12677771258409853,0.07677289438249522
ts0460011,0.0006864789562031903,0.0019386065373596757,0.0005134631597693342,0.009076932443879712,0.013190352279823188,7.562895950228883
ts0170008,0.0006807332652354727,0.002167476023614799,0.0007390623344095847,0.015410588733587463,0.020242615663834333,4.41730862463295
ts0050003,0.0006764977908423064,0.001401405219254026,0.00040693999871393744,0.7671840480728505,0.11347550686718627,0.08817933487298832
ts0660009,0.000675558305232793,0.0011417631891440403,0.00030557910997570194,0.011512235281660314,0.009990300656781723,5.868176672075128
ts0150006,0.0006729829718029899,0.0010033677477728244,0.0003103711308642247,0.008814093604404914,0.01245189326884772,7.635305477884434
ts0170004,0.0006560868032446411,0.0016417333053802274,0.0005164568032615616,0.3406626323591698,0.08588818301842548,0.1925913619292741
ts0610002,0.0006295783769891365,0.0016588091403896277,0.0004880607335024432,0.30225054531977974,0.14221328939131403,0.20829685396366956
ts0660003,0.0006273748433839044,0.0017866487067076386,0.0006167087638361828,0.5564676937738247,0.11395802139418976,0.11274236589175649
ts0230004,0.000625775915794676,0.0016522452547557132,0.0005961721623407814,0.017592444938585344,0.020999911106787544,3.5570719020536337
ts007a0016,0.0006200100634832467,0.0014811166139622467,0.0004981350834157384,0.052555559085133416,0.03267499353237844,1.179723085961103
ts0460013,0.0006047542583821156,0.0016150672074263846,0.0005665056574500342,0.005408169207962728,0.00996015739232034,11.182236263830365
ts0150004,0.0005912358652202252,0.0008401140940462667,0.0002006019755790172,0.00398203621346887,0.005352904138036384,14.847576303309962
ts0050011,0.0005910734365608196,0.0019246779662203794,0.0006292212031198248,0.0035014983058026263,0.008896483585043457,16.88058610741871
ts0390009,0.0005794622811097652,0.0019550370544946082,0.0005559526742437107,0.027291825497670473,0.015883060998914234,2.123208215438817
ts0160002,0.000565200031819979,0.0011527400574469215,0.0003272600933372728,0.8397249311732317,0.15451638211451574,0.06730775886697839
ts0040003,0.0005631041753065141,0.0012024738678056979,0.00032226393956281344,0.8397342492587887,0.1545156960705886,0.06705742629927877
ts0180010,0.0005563575084746093,0.0019456918250150973,0.0005961790762521114,0.010128695468022026,0.0135976951527903,5.492884155033808
ts0180003,0.0005505901742997388,0.0013826641229197148,0.00044741397969828644,0.160251360652266,0.15453339962462556,0.3435790947787833
ts0610007,0.0005383080712358343,0.0012624407043556971,0.0003913399966670869,0.0046642312579415505,0.0072998577158787095,11.54119599707421
ts0520003,0.0005297418021351433,0.001132195419127402,0.00041087767239198685,0.33271077403642524,0.09969889421848219,0.15921991215022904
ts0050004,0.0005185376039535946,0.0010363657572174572,0.0003331937108626195,0.006167153748411689,0.00870734549226138,8.408053781489405
ts0540013,0.000512920482882418,0.000660663085816767,9.801090429379156e-05,0.0013305220245658621,0.004546111521323161,38.550318853217
ts0460009,0.0005077658001373974,0.0010493534332359907,0.00034021436357375783,0.0039565438373570525,0.012298153150997573,12.833569423473945
ts0390008,0.0004936355179536905,0.0010408253110531663,0.0002924168729420767,0.009861922914019484,0.007822825014134097,5.005469240202127
ts0180007,0.00048710335120524074,0.0013566669148370979,0.000526914497544883,0.009879600804743753,0.011908511991395424,4.9303950719482
ts0540008,0.0004864870016566725,0.0012722085118293813,0.00044345169520004497,0.08461854087251165,0.14469735732936478,0.574917738642676
ts0150002,0.00047491238849457773,0.0010754827974577275,0.00035528485762912666,0.8397264506565013,0.15451530597983845,0.056555606664919204
ts0050024,0.0004683897758105988,0.0009768099297176708,0.0003004127049757556,0.0011876323591698433,0.005675872255564148,39.43895366222624
ts0460008,0.0004670065824923251,0.0009257540960203518,0.00022332907720402893,0.0020492217280813217,0.007911288094905383,22.78946080322804
ts0210016,0.0004640387563465791,0.0007783633124063705,0.0001819929396507664,0.007636599957645067,0.010182051892553856,6.076509951029003
ts0750007,0.00046393159984694414,0.0009178433264463897,0.0002993726239318149,0.011826053578991953,0.01550400516023682,3.922962100147101
ts0270014,0.00046065351354395464,0.0006638227213480526,0.00015539613762454167,0.002425682973316391,0.004990373895463018,18.990672672865806
ts0050022,0.00045226731975916084,0.0010352597321004135,0.0003133285600955807,0.0020882888606522662,0.004452324939201678,21.657316106062908
ts0590006,0.00043931807517416654,0.0007997619071096196,0.0002115031319165975,0.5867952244811521,0.07652993882150284,0.07486735693232921
ts0270015,0.00043622633796915283,0.0008851915325835151,0.00029634171799456494,0.005071526895383312,0.007524421023258584,8.60147933684935
ts0180002,0.0004355224672905056,0.0010296630648179983,0.0003212865302453579,0.839748639347734,0.15453339962462556,0.051863432327653794
ts0650002,0.00043060720456739206,0.0014955097123900418,0.00045991175447771974,0.13305875158831004,0.06925479787799887,0.32362185833496376
ts0050007,0.00042932364430732473,0.0018725613342090086,0.0005634330100908852,0.002764649512918255,0.007549610717760722,15.529044180871507
ts0170009,0.00041286255163514414,0.0008901668356170907,0.0002342839316134674,0.005415104828462516,0.01224891033664806,7.624276255282876
ts0050020,0.0004089338239207066,0.000956245189509636,0.0002725116648843186,0.000882433290978399,0.0034831456031723653,
ts0460007,0.00040876705220016117,0.0008873573629796441,0.00028612017830718207,0.0014920478610758153,0.0062270497017711075,27.39637667557305
ts0290007,0.0004014604671805222,0.0011011432553688551,0.0003611565102086358,0.002530029648454045,0.006114628007474243,15.867816704275839
ts0390007,0.0003951770797183347,0.0007024807181928178,0.00021765342796113875,0.008642264930114359,0.006762364915433205,4.572610107580971
ts0110006,0.00039047962857133956,0.001124390922831571,0.0003946335435746995,0.0022940279542566708,0.006123589639541412,17.02157237651735
ts0180005,0.00038321435830029904,0.0007685363197868517,0.00024315946864147348,0.0069268106734434575,0.008048029597222305,5.5323348127515
ts0210020,0.00037673681235179024,0.0007775257037468497,0.00022574449252330288,0.0010995711562897077,0.006045836020972328,34.26215849668306
ts0370006,0.0003635788832049438,0.0007451563384804471,0.0002617436055891628,0.012469419737399408,0.011414857009310725,2.91576425256153
ts0040008,0.00035699744117791295,0.0012000088427581513,0.00040938919822639273,0.0017826027107157984,0.0045394640194019046,20.026752962501767
ts0660018,0.0003500589163375599,0.0008281079339757967,0.00022924549742516108,0.0029333968657348584,0.004941842281733292,11.93356822687765
ts0270008,0.00034418698209937834,0.0007502218918610604,0.0002467086447541346,0.004261642312579415,0.0056437946638041,8.076393015983893
ts0050032,0.00034046738700746053,0.0010905992280353205,0.00034164240801222917,0.0013373888182973317,0.00406799479909268,25.457621773817387
ts0180008,0.0003379883932893948,0.0005174410918896851,0.0001114275488816423,0.0022265406607369764,0.00398221467572202,15.179978486335926
ts0050031,0.00033094732132808247,0.0007480246444310419,0.000199355080135897,0.0016198379923761121,0.004879211966298558,20.430890180728607
ts0050008,0.0002659147861413778,0.0005752521354208538,0.0001754877790565263,0.0019602022448115207,0.004561485593847396,13.565681135466015
ts0750002,0.00026064485586835967,0.0004507605788920399,0.00010429304273284374,0.2998413913595934,0.11937471490160918,0.08692757683870732
ts0210021,0.0002523256897985987,0.000952168663630272,0.0002875667708420504,0.0016363775942397293,0.005805622792438304,15.419771737697904
ts0660008,0.00023320901064887578,0.00038313392437865513,9.06172096252805e-05,0.003569642100804744,0.0047576798541825146,6.533120241838835
ts0180009,0.00023192159389594618,0.0005821461569024229,0.00020431603575128687,0.006068948538754764,0.008776654239526121,3.8214460448124377
ts0150003,0.0002236326706599518,0.0004677413697306578,0.00013100414093289187,0.001314236552308344,0.0027743243038624433,17.016165793529346
ts0270009,0.00021490795414027674,0.0003610176876238883,0.0001274936716439158,0.001911335239305379,0.0034162793570445874,11.243865007081592
ts0030014,0.00021441843120810722,0.0005465953491641772,0.0001569881190930039,0.007316650783566286,0.009063325668811547,2.9305543964146294
ts0260002,0.00020584259098705565,0.00047621157806648773,0.00013180485584738974,0.29984142312579415,0.11937159006046642,0.06865048492672654
ts0180006,0.00020156993331668717,0.00043576613712039726,0.00014013446435541725,0.004284063955950869,0.00578233787677178,4.705110273545104
ts0230002,0.00019583277567000734,0.0004915174056463467,0.00015953479628238662,0.2998260641677255,0.11936458163609752,0.06531546088683493
ts0030002,0.00019356422847092644,0.0005926634833240962,0.00019214465318985525,0.29982055802626006,0.1194366619295905,0.06456002541826134
ts0660022,0.00017856503792415386,0.0005182344832203604,0.0001358709444207073,0.0011401260059296908,0.0029231643873420987,15.661868687798847
ts0170003,0.00017526033172363814,0.00043305695676976175,0.0001318257951528023,0.2998451927149513,0.11938049080037624,0.05845027233444756
ts0270013,0.00016537756656646358,0.0006327503173305914,0.00019104098372320613,0.00018261859381617956,0.0019867997838413417,
ts0270010,0.00014675748779548352,0.00032621510879452496,0.00011785156535438682,0.0013827933079203728,0.0029355763510078635,10.6131181684844
ts0660023,0.00014523877550715592,0.0004452337432991375,0.00011897720850599687,0.0008480304955527318,0.0024599695580576116,
ts0050017,0.00013080156663568916,0.0003628148843556132,0.00010765473120402322,0.0007558767471410418,0.003160135150285322,
ts0020007,0.000127200283364165,0.000294784803111152,9.958041440061592e-05,0.002149804108428632,0.004720192018383396,5.916831345956456
ts0180016,0.0001207162671733967,0.000225163523788872,6.278811648588815e-05,0.0009541084286319356,0.0025923323592497625,
ts0020006,0.00012056533316788667,0.0002802658308847109,8.234373799889926e-05,0.0027974481152054217,0.005274452237869,4.3098326833144265
ts0270016,0.00010134921646537478,0.00019344148063059113,6.047650237330806e-05,0.0010449015247776365,0.0025705224676807505,9.699403633939832
ts0180015,9.921364114673554e-05,0.0001594442260722022,4.360048112402354e-05,0.0009306808555696739,0.0024515156804660394,
ts0020009,8.547758152016025e-05,0.0002532140212166778,8.481676058406006e-05,0.001408280389665396,0.00378948882982394,6.069642249330016
ts0020012,7.884141263810844e-05,9.694894729141466e-05,1.0744200564352096e-05,0.00016754553155442608,0.0011235728312191755,
ts0040014,7.504103879469218e-05,0.00015816180514504876,5.3660388445212124e-05,0.0003474745870393901,0.001681788751369337,
ts0050028,5.827166365364782e-05,0.00010272387625482053,2.278334389936494e-05,8.215268953833123e-05,0.0009088110005028826,
ts0270011,5.679247060100068e-05,9.184661539576064e-05,2.5329495813459426e-05,0.0005376694197373994,0.0016709782871997198,
ts0180017,5.423870098405493e-05,8.031367632674758e-05,1.5980970648984328e-05,0.0002733746293943244,0.001208151143665532,
ts0660020,4.399481706339208e-05,7.20605412586131e-05,1.491547636768304e-05,8.46039813638289e-05,0.0006676816481157511,
ts0020008,4.0447764978374456e-05,0.00017548999263934835,5.3743933362005486e-05,0.0007415448962304108,0.002734230006678452,
ts0660019,3.915897843879735e-05,5.7430138862801504e-05,1.3311548227986359e-05,0.0001460292249047014,0.0008989529594542954,
ts0660024,3.722783432597288e-05,8.79966047677127e-05,2.613238834658664e-05,0.00029195785684032186,0.0013624277764995093,
ts0020018,3.71800379864785e-05,6.48062727359633e-05,1.771282132008707e-05,8.957009741634902e-05,0.0007050866129198408,
ts0660021,3.073785433451767e-05,7.10243780508284e-05,2.0743381224594845e-05,6.144642100804744e-05,0.0005901169718173147,
ts0020015,2.2710149997690898e-05,5.666651979798116e-05,1.7454091615309126e-05,0.0002522183396865735,0.001256771472481718,
ts0180018,2.2202912270931277e-05,8.095494414409323e-05,2.3554615656327664e-05,3.6552308343922076e-05,0.00045192331641005757,
ts0050033,1.8629999799212157e-05,3.5946803907833014e-05,9.759867085459838e-06,1.0324015247776366e-05,0.00026445842332778897,
ts0170002,9.224982932209969e-06,1.9813887774944305e-05,6.629850084159489e-06,0.0,0.0,
ts0180019,8.931139107066953e-06,1.8021077189017845e-05,5.135833601920062e-06,1.2595298602287167e-05,0.00023668582782412304,
